Subject,Condition,Minute,Missing,Velocity,Distance,Time
1,1uM,1,0,0.107898,6.47339,0:00:00-0:01:00
1,1uM,2,0,0.0602221,3.61306,0:01:00-0:02:00
1,1uM,3,0,0.00510378,0.306204,0:02:00-0:03:00
1,1uM,4,0,0.0037275,0.223634,0:03:00-0:04:00
1,1uM,5,0,0.00376038,0.225606,0:04:00-0:05:00
1,1uM,6,0,0.00435603,0.261342,0:05:00-0:06:00
1,1uM,7,0,0.00471381,0.282808,0:06:00-0:07:00
1,1uM,8,0,0.00483324,0.289973,0:07:00-0:08:00
1,1uM,9,0,0.0043282,0.259673,0:08:00-0:09:00
1,1uM,10,0,0.0046539,0.279213,0:09:00-0:10:00
1,1uM,11,0,0.00483556,0.290112,0:10:00-0:11:00
1,1uM,12,0,0.0658522,3.95084,0:11:00-0:12:00
1,1uM,13,0,0.131583,7.89441,0:12:00-0:13:00
1,1uM,14,0,0.136179,8.17016,0:13:00-0:14:00
1,1uM,15,0,0.109836,6.34479,0:14:00-0:15:00
2,1uM,1,10.6,0.169629,10.177,0:00:00-0:01:00
2,1uM,2,10.6,0.304982,13.6923,0:01:00-0:02:00
2,1uM,3,10.6,0.269347,16.1596,0:02:00-0:03:00
2,1uM,4,10.6,0.238685,14.32,0:03:00-0:04:00
2,1uM,5,10.6,0.246212,9.55666,0:04:00-0:05:00
2,1uM,6,10.6,0.274096,13.9538,0:05:00-0:06:00
2,1uM,7,10.6,0.280715,11.2278,0:06:00-0:07:00
2,1uM,8,10.6,0.233018,13.9879,0:07:00-0:08:00
2,1uM,9,10.6,0.240281,10.8443,0:08:00-0:09:00
2,1uM,10,10.6,0.263711,15.4829,0:09:00-0:10:00
2,1uM,11,10.6,0.178728,10.5236,0:10:00-0:11:00
2,1uM,12,10.6,0.206425,9.8184,0:11:00-0:12:00
2,1uM,13,10.6,0.2087,12.5211,0:12:00-0:13:00
2,1uM,14,10.6,0.183658,10.8698,0:13:00-0:14:00
2,1uM,15,10.6,0.216339,11.9124,0:14:00-0:15:00
3,1uM,1,0.6,0.210378,12.6156,0:00:00-0:01:00
3,1uM,2,0.6,0.17836,10.7016,0:01:00-0:02:00
3,1uM,3,0.6,0.20811,12.4866,0:02:00-0:03:00
3,1uM,4,0.6,0.160804,9.64824,0:03:00-0:04:00
3,1uM,5,0.6,0.189525,11.3715,0:04:00-0:05:00
3,1uM,6,0.6,0.182074,10.9244,0:05:00-0:06:00
3,1uM,7,0.6,0.190516,11.431,0:06:00-0:07:00
3,1uM,8,0.6,0.16732,10.0392,0:07:00-0:08:00
3,1uM,9,0.6,0.137815,8.2689,0:08:00-0:09:00
3,1uM,10,0.6,0.146389,8.78335,0:09:00-0:10:00
3,1uM,11,0.6,0.133957,8.0374,0:10:00-0:11:00
3,1uM,12,0.6,0.103928,6.23567,0:11:00-0:12:00
3,1uM,13,0.6,0.115406,6.92435,0:12:00-0:13:00
3,1uM,14,0.6,0.140242,8.41451,0:13:00-0:14:00
3,1uM,15,0.6,0.107136,6.2074,0:14:00-0:15:00
4,1uM,1,6.5,0.057388,3.44303,0:00:00-0:01:00
4,1uM,2,6.5,0.0991708,5.94981,0:01:00-0:02:00
4,1uM,3,6.5,0.123373,7.40183,0:02:00-0:03:00
4,1uM,4,6.5,0.10735,6.44052,0:03:00-0:04:00
4,1uM,5,6.5,0.0805123,4.83038,0:04:00-0:05:00
4,1uM,6,6.5,0.0806727,4.84001,0:05:00-0:06:00
4,1uM,7,6.5,0.0533635,3.20158,0:06:00-0:07:00
4,1uM,8,6.5,0.0971527,5.83201,0:07:00-0:08:00
4,1uM,9,6.5,0.0321663,1.92983,0:08:00-0:09:00
4,1uM,10,6.5,0.0175919,1.05544,0:09:00-0:10:00
4,1uM,11,6.5,0.0160299,0.961722,0:10:00-0:11:00
4,1uM,12,6.5,0.0171796,1.0307,0:11:00-0:12:00
4,1uM,13,6.5,0.0147517,0.885034,0:12:00-0:13:00
4,1uM,14,6.5,0.0178335,1.06993,0:13:00-0:14:00
4,1uM,15,6.5,0.0427191,2.45761,0:14:00-0:15:00
5,1uM,1,0,0.0583411,3.50021,0:00:00-0:01:00
5,1uM,2,0,0.0885597,5.31319,0:01:00-0:02:00
5,1uM,3,0,0.106613,6.39629,0:02:00-0:03:00
5,1uM,4,0,0.0244404,1.46632,0:03:00-0:04:00
5,1uM,5,0,0.0204938,1.22954,0:04:00-0:05:00
5,1uM,6,0,0.0175366,1.05212,0:05:00-0:06:00
5,1uM,7,0,0.0170557,1.02327,0:06:00-0:07:00
5,1uM,8,0,0.0145242,0.871877,0:07:00-0:08:00
5,1uM,9,0,0.0148308,0.889785,0:08:00-0:09:00
5,1uM,10,0,0.0150384,0.902235,0:09:00-0:10:00
5,1uM,11,0,0.016907,1.01435,0:10:00-0:11:00
5,1uM,12,0,0.0174248,1.04541,0:11:00-0:12:00
5,1uM,13,0,0.0162685,0.976038,0:12:00-0:13:00
5,1uM,14,0,0.0184842,1.10897,0:13:00-0:14:00
5,1uM,15,0,0.0186877,1.08267,0:14:00-0:15:00
6,1uM,1,1.4,0.0974074,5.84401,0:00:00-0:01:00
6,1uM,2,1.4,0.10905,6.54252,0:01:00-0:02:00
6,1uM,3,1.4,0.0313262,1.87943,0:02:00-0:03:00
6,1uM,4,1.4,0.0907393,5.44396,0:03:00-0:04:00
6,1uM,5,1.4,0.00521797,0.313055,0:04:00-0:05:00
6,1uM,6,1.4,0.0051041,0.306223,0:05:00-0:06:00
6,1uM,7,1.4,0.00621429,0.37283,0:06:00-0:07:00
6,1uM,8,1.4,0.00644801,0.38707,0:07:00-0:08:00
6,1uM,9,1.4,0.00697564,0.418507,0:08:00-0:09:00
6,1uM,10,1.4,0.0100102,0.60057,0:09:00-0:10:00
6,1uM,11,1.4,0.00967246,0.580305,0:10:00-0:11:00
6,1uM,12,1.4,0.00758276,0.454932,0:11:00-0:12:00
6,1uM,13,1.4,0.00959153,0.575449,0:12:00-0:13:00
6,1uM,14,1.4,0.00555006,0.332979,0:13:00-0:14:00
6,1uM,15,1.4,0.00357886,0.207341,0:14:00-0:15:00
7,1uM,1,8,0.0578046,3.46802,0:00:00-0:01:00
7,1uM,2,8,0.0817659,4.90559,0:01:00-0:02:00
7,1uM,3,8,0.101063,6.06336,0:02:00-0:03:00
7,1uM,4,8,0.0848208,5.08887,0:03:00-0:04:00
7,1uM,5,8,0.0893459,5.36036,0:04:00-0:05:00
7,1uM,6,8,0.0733974,4.40352,0:05:00-0:06:00
7,1uM,7,8,0.0990951,5.94526,0:06:00-0:07:00
7,1uM,8,8,0.0896407,5.38107,0:07:00-0:08:00
7,1uM,9,8,0.109045,6.54223,0:08:00-0:09:00
7,1uM,10,8,0.0785565,4.71305,0:09:00-0:10:00
7,1uM,11,8,0.0793315,4.75954,0:10:00-0:11:00
7,1uM,12,8,0.0876408,5.25806,0:11:00-0:12:00
7,1uM,13,8,0.0773313,4.63953,0:12:00-0:13:00
7,1uM,14,8,0.0581634,3.48955,0:13:00-0:14:00
7,1uM,15,8,0.0152929,0.88599,0:14:00-0:15:00
8,1uM,1,0,0.020839,1.2503,0:00:00-0:01:00
8,1uM,2,0,0.0101269,0.607594,0:01:00-0:02:00
8,1uM,3,0,0.010712,0.642695,0:02:00-0:03:00
8,1uM,4,0,0.00726215,0.435714,0:03:00-0:04:00
8,1uM,5,0,0.00650005,0.389989,0:04:00-0:05:00
8,1uM,6,0,0.00584107,0.350452,0:05:00-0:06:00
8,1uM,7,0,0.00879118,0.527453,0:06:00-0:07:00
8,1uM,8,0,0.0052387,0.314311,0:07:00-0:08:00
8,1uM,9,0,0.00575484,0.345278,0:08:00-0:09:00
8,1uM,10,0,0.00783249,0.469933,0:09:00-0:10:00
8,1uM,11,0,0.00925875,0.555506,0:10:00-0:11:00
8,1uM,12,0,0.00531805,0.319072,0:11:00-0:12:00
8,1uM,13,0,0.00552334,0.331389,0:12:00-0:13:00
8,1uM,14,0,0.005637,0.338208,0:13:00-0:14:00
8,1uM,15,0,0.00603838,0.349847,0:14:00-0:15:00
9,1uM,1,10.5,0.190403,11.4233,0:00:00-0:01:00
9,1uM,2,10.5,0.212225,12.7326,0:01:00-0:02:00
9,1uM,3,10.5,0.141118,8.46644,0:02:00-0:03:00
9,1uM,4,10.5,0.150356,9.0207,0:03:00-0:04:00
9,1uM,5,10.5,0.181644,10.8978,0:04:00-0:05:00
9,1uM,6,10.5,0.1593,9.55732,0:05:00-0:06:00
9,1uM,7,10.5,0.173663,10.419,0:06:00-0:07:00
9,1uM,8,10.5,0.097972,5.8812,0:07:00-0:08:00
9,1uM,9,10.5,0.145331,8.71922,0:08:00-0:09:00
9,1uM,10,10.5,0.148728,8.92304,0:09:00-0:10:00
9,1uM,11,10.5,0.151094,9.06499,0:10:00-0:11:00
9,1uM,12,10.5,0.182539,10.9516,0:11:00-0:12:00
9,1uM,13,10.5,0.2099,12.5931,0:12:00-0:13:00
9,1uM,14,10.5,0.170724,10.2427,0:13:00-0:14:00
9,1uM,15,10.5,0.166947,9.67207,0:14:00-0:15:00
10,1uM,1,22.7,0.185434,11.1252,0:00:00-0:01:00
10,1uM,2,22.7,0.132708,7.96187,0:01:00-0:02:00
10,1uM,3,22.7,0.140953,8.45653,0:02:00-0:03:00
10,1uM,4,22.7,0.0546593,3.27932,0:03:00-0:04:00
10,1uM,5,22.7,0.141605,8.49566,0:04:00-0:05:00
10,1uM,6,22.7,0.163397,9.80307,0:05:00-0:06:00
10,1uM,7,22.7,0.0999858,5.99871,0:06:00-0:07:00
10,1uM,8,22.7,0.143326,8.60377,0:07:00-0:08:00
10,1uM,9,22.7,0.128633,7.71742,0:08:00-0:09:00
10,1uM,10,22.7,0.119794,7.18713,0:09:00-0:10:00
10,1uM,11,22.7,0.10167,6.09977,0:10:00-0:11:00
10,1uM,12,22.7,0.127151,7.6285,0:11:00-0:12:00
10,1uM,13,22.7,0.166653,9.99844,0:12:00-0:13:00
10,1uM,14,22.7,0.0779786,4.67837,0:13:00-0:14:00
10,1uM,15,22.7,0.117917,6.8315,0:14:00-0:15:00
11,5uM,1,19.7,0.171737,8.91108,0:00:00-0:01:00
11,5uM,2,19.7,0.181911,10.9139,0:01:00-0:02:00
11,5uM,3,19.7,0.175664,10.5391,0:02:00-0:03:00
11,5uM,4,19.7,0.157213,9.43211,0:03:00-0:04:00
11,5uM,5,19.7,0.157597,7.69825,0:04:00-0:05:00
11,5uM,6,19.7,0.203378,7.79101,0:05:00-0:06:00
11,5uM,7,19.7,0.17708,10.0498,0:06:00-0:07:00
11,5uM,8,19.7,0.203579,9.57303,0:07:00-0:08:00
11,5uM,9,19.7,0.196594,11.7948,0:08:00-0:09:00
11,5uM,10,19.7,0.112082,4.97517,0:09:00-0:10:00
11,5uM,11,19.7,0.194269,4.84325,0:10:00-0:11:00
11,5uM,12,19.7,0.213216,8.03821,0:11:00-0:12:00
11,5uM,13,19.7,0.162779,8.51227,0:12:00-0:13:00
11,5uM,14,19.7,0.182045,5.97751,0:13:00-0:14:00
11,5uM,15,19.7,0.133862,5.80628,0:14:00-0:15:00
12,5uM,1,0.1,0.179045,10.7419,0:00:00-0:01:00
12,5uM,2,0.1,0.155759,9.34485,0:01:00-0:02:00
12,5uM,3,0.1,0.141527,8.49099,0:02:00-0:03:00
12,5uM,4,0.1,0.134059,8.04293,0:03:00-0:04:00
12,5uM,5,0.1,0.139142,8.34791,0:04:00-0:05:00
12,5uM,6,0.1,0.176582,10.5822,0:05:00-0:06:00
12,5uM,7,0.1,0.159751,9.5142,0:06:00-0:07:00
12,5uM,8,0.1,0.155319,9.19252,0:07:00-0:08:00
12,5uM,9,0.1,0.206021,12.3603,0:08:00-0:09:00
12,5uM,10,0.1,0.143854,8.63062,0:09:00-0:10:00
12,5uM,11,0.1,0.206668,12.3712,0:10:00-0:11:00
12,5uM,12,0.1,0.1384,8.29401,0:11:00-0:12:00
12,5uM,13,0.1,0.167185,10.0304,0:12:00-0:13:00
12,5uM,14,0.1,0.1514,9.08331,0:13:00-0:14:00
12,5uM,15,0.1,0.180611,10.4637,0:14:00-0:15:00
13,5uM,1,6.5,0.0617166,3.70092,0:00:00-0:01:00
13,5uM,2,6.5,0.168233,10.094,0:01:00-0:02:00
13,5uM,3,6.5,0.158908,9.5345,0:02:00-0:03:00
13,5uM,4,6.5,0.187043,11.2226,0:03:00-0:04:00
13,5uM,5,6.5,0.136056,8.16335,0:04:00-0:05:00
13,5uM,6,6.5,0.128772,7.72634,0:05:00-0:06:00
13,5uM,7,6.5,0.151215,9.07291,0:06:00-0:07:00
13,5uM,8,6.5,0.164403,9.86418,0:07:00-0:08:00
13,5uM,9,6.5,0.120856,7.25138,0:08:00-0:09:00
13,5uM,10,6.5,0.174783,10.487,0:09:00-0:10:00
13,5uM,11,6.5,0.170826,10.2496,0:10:00-0:11:00
13,5uM,12,6.5,0.146652,8.7991,0:11:00-0:12:00
13,5uM,13,6.5,0.161298,9.67786,0:12:00-0:13:00
13,5uM,14,6.5,0.168634,10.118,0:13:00-0:14:00
13,5uM,15,6.5,0.139674,8.09262,0:14:00-0:15:00
14,5uM,1,18.5,0.118561,7.11316,0:00:00-0:01:00
14,5uM,2,18.5,0.176726,10.6028,0:01:00-0:02:00
14,5uM,3,18.5,0.143325,8.59887,0:02:00-0:03:00
14,5uM,4,18.5,0.0946955,5.68131,0:03:00-0:04:00
14,5uM,5,18.5,0.120745,7.24415,0:04:00-0:05:00
14,5uM,6,18.5,0.154065,9.24324,0:05:00-0:06:00
14,5uM,7,18.5,0.106463,6.38731,0:06:00-0:07:00
14,5uM,8,18.5,0.0631727,3.79222,0:07:00-0:08:00
14,5uM,9,18.5,0.0380267,2.28143,0:08:00-0:09:00
14,5uM,10,18.5,0.143956,8.63675,0:09:00-0:10:00
14,5uM,11,18.5,0.144261,8.65501,0:10:00-0:11:00
14,5uM,12,18.5,0.140502,8.42952,0:11:00-0:12:00
14,5uM,13,18.5,0.111429,6.68526,0:12:00-0:13:00
14,5uM,14,18.5,0.166216,9.9722,0:13:00-0:14:00
14,5uM,15,18.5,0.132209,5.46214,0:14:00-0:15:00
15,5uM,1,12,0.132868,7.97148,0:00:00-0:01:00
15,5uM,2,12,0.155595,9.33503,0:01:00-0:02:00
15,5uM,3,12,0.140106,8.40573,0:02:00-0:03:00
15,5uM,4,12,0.128644,7.71807,0:03:00-0:04:00
15,5uM,5,12,0.144256,8.65474,0:04:00-0:05:00
15,5uM,6,12,0.15565,9.33831,0:05:00-0:06:00
15,5uM,7,12,0.0984721,5.90789,0:06:00-0:07:00
15,5uM,8,12,0.152765,9.17036,0:07:00-0:08:00
15,5uM,9,12,0.136418,8.18447,0:08:00-0:09:00
15,5uM,10,12,0.133434,8.00547,0:09:00-0:10:00
15,5uM,11,12,0.0639292,3.83547,0:10:00-0:11:00
15,5uM,12,12,0.157646,9.45804,0:11:00-0:12:00
15,5uM,13,12,0.134451,8.06645,0:12:00-0:13:00
15,5uM,14,12,0.119082,7.14439,0:13:00-0:14:00
15,5uM,15,12,0.129608,7.50883,0:14:00-0:15:00
16,5uM,1,15.8,0.152578,9.15401,0:00:00-0:01:00
16,5uM,2,15.8,0.157798,9.46718,0:01:00-0:02:00
16,5uM,3,15.8,0.124174,7.44988,0:02:00-0:03:00
16,5uM,4,15.8,0.171303,10.2774,0:03:00-0:04:00
16,5uM,5,15.8,0.168385,10.1024,0:04:00-0:05:00
16,5uM,6,15.8,0.15821,9.49192,0:05:00-0:06:00
16,5uM,7,15.8,0.167267,10.0353,0:06:00-0:07:00
16,5uM,8,15.8,0.170405,10.2293,0:07:00-0:08:00
16,5uM,9,15.8,0.154018,9.2404,0:08:00-0:09:00
16,5uM,10,15.8,0.189416,11.3641,0:09:00-0:10:00
16,5uM,11,15.8,0.143348,8.60026,0:10:00-0:11:00
16,5uM,12,15.8,0.191203,11.4713,0:11:00-0:12:00
16,5uM,13,15.8,0.138604,8.31565,0:12:00-0:13:00
16,5uM,14,15.8,0.150828,9.049,0:13:00-0:14:00
16,5uM,15,15.8,0.134836,7.81173,0:14:00-0:15:00
17,5uM,1,80.9,0.11767,7.05967,0:00:00-0:01:00
17,5uM,2,80.9,0.0788364,4.72984,0:01:00-0:02:00
17,5uM,3,80.9,0.116417,6.98449,0:02:00-0:03:00
17,5uM,4,80.9,0.0026533,0.159186,0:03:00-0:04:00
17,5uM,5,80.9,0.000609208,0.0365498,0:04:00-0:05:00
17,5uM,6,80.9,0.000609208,0.0365498,0:05:00-0:06:00
17,5uM,7,80.9,0.000609208,0.0365498,0:06:00-0:07:00
17,5uM,8,80.9,0.000609208,0.0365704,0:07:00-0:08:00
17,5uM,9,80.9,0.000609208,0.0365498,0:08:00-0:09:00
17,5uM,10,80.9,0.000609208,0.0365498,0:09:00-0:10:00
17,5uM,11,80.9,0.000609208,0.0365498,0:10:00-0:11:00
17,5uM,12,80.9,0.000609208,0.0365498,0:11:00-0:12:00
17,5uM,13,80.9,0.000609208,0.0365498,0:12:00-0:13:00
17,5uM,14,80.9,0.000609208,0.0365498,0:13:00-0:14:00
17,5uM,15,80.9,0.000609208,0.0352944,0:14:00-0:15:00
18,5uM,1,0,0.11069,6.64115,0:00:00-0:01:00
18,5uM,2,0,0.0867641,5.20566,0:01:00-0:02:00
18,5uM,3,0,0.0574945,3.44955,0:02:00-0:03:00
18,5uM,4,0,0.113482,6.8087,0:03:00-0:04:00
18,5uM,5,0,0.0990804,5.94462,0:04:00-0:05:00
18,5uM,6,0,0.0507133,3.04269,0:05:00-0:06:00
18,5uM,7,0,0.0120951,0.725678,0:06:00-0:07:00
18,5uM,8,0,0.0113349,0.680073,0:07:00-0:08:00
18,5uM,9,0,0.0156781,0.940654,0:08:00-0:09:00
18,5uM,10,0,0.0188301,1.12977,0:09:00-0:10:00
18,5uM,11,0,0.0191417,1.14846,0:10:00-0:11:00
18,5uM,12,0,0.0200582,1.20345,0:11:00-0:12:00
18,5uM,13,0,0.0227294,1.36372,0:12:00-0:13:00
18,5uM,14,0,0.0224872,1.34918,0:13:00-0:14:00
18,5uM,15,0,0.0218493,1.26589,0:14:00-0:15:00
19,5uM,1,9.7,0.170414,10.2241,0:00:00-0:01:00
19,5uM,2,9.7,0.200203,12.0113,0:01:00-0:02:00
19,5uM,3,9.7,0.179683,10.7802,0:02:00-0:03:00
19,5uM,4,9.7,0.117388,7.04278,0:03:00-0:04:00
19,5uM,5,9.7,0.083041,4.98209,0:04:00-0:05:00
19,5uM,6,9.7,0.131343,7.88,0:05:00-0:06:00
19,5uM,7,9.7,0.14142,8.48459,0:06:00-0:07:00
19,5uM,8,9.7,0.130976,7.86244,0:07:00-0:08:00
19,5uM,9,9.7,0.174266,10.4552,0:08:00-0:09:00
19,5uM,10,9.7,0.133133,7.98741,0:09:00-0:10:00
19,5uM,11,9.7,0.131169,7.86953,0:10:00-0:11:00
19,5uM,12,9.7,0.108,6.4795,0:11:00-0:12:00
19,5uM,13,9.7,0.192989,11.5785,0:12:00-0:13:00
19,5uM,14,9.7,0.111801,6.70757,0:13:00-0:14:00
19,5uM,15,9.7,0.253853,14.7069,0:14:00-0:15:00
20,5uM,1,25.7,0.123264,7.39532,0:00:00-0:01:00
20,5uM,2,25.7,0.161923,9.71464,0:01:00-0:02:00
20,5uM,3,25.7,0.107448,6.4464,0:02:00-0:03:00
20,5uM,4,25.7,0.0618741,3.71218,0:03:00-0:04:00
20,5uM,5,25.7,0.0783536,4.70087,0:04:00-0:05:00
20,5uM,6,25.7,0.116677,7.00008,0:05:00-0:06:00
20,5uM,7,25.7,0.0408837,2.45284,0:06:00-0:07:00
20,5uM,8,25.7,0.102887,6.17625,0:07:00-0:08:00
20,5uM,9,25.7,0.101354,6.0808,0:08:00-0:09:00
20,5uM,10,25.7,0.0896219,5.37692,0:09:00-0:10:00
20,5uM,11,25.7,0.122344,7.3401,0:10:00-0:11:00
20,5uM,12,25.7,0.133463,8.00721,0:11:00-0:12:00
20,5uM,13,25.7,0.12527,7.51565,0:12:00-0:13:00
20,5uM,14,25.7,0.0472485,2.8347,0:13:00-0:14:00
20,5uM,15,25.7,0.0684032,3.96293,0:14:00-0:15:00
21,10uM,1,0.4,0.189064,11.343,0:00:00-0:01:00
21,10uM,2,0.4,0.189639,11.3775,0:01:00-0:02:00
21,10uM,3,0.4,0.19901,11.9397,0:02:00-0:03:00
21,10uM,4,0.4,0.211408,12.555,0:03:00-0:04:00
21,10uM,5,0.4,0.231761,13.9046,0:04:00-0:05:00
21,10uM,6,0.4,0.235284,13.9729,0:05:00-0:06:00
21,10uM,7,0.4,0.245415,14.3756,0:06:00-0:07:00
21,10uM,8,0.4,0.236716,14.2019,0:07:00-0:08:00
21,10uM,9,0.4,0.22046,12.8691,0:08:00-0:09:00
21,10uM,10,0.4,0.227232,13.6329,0:09:00-0:10:00
21,10uM,11,0.4,0.19964,11.9775,0:10:00-0:11:00
21,10uM,12,0.4,0.222487,13.3482,0:11:00-0:12:00
21,10uM,13,0.4,0.228127,13.3629,0:12:00-0:13:00
21,10uM,14,0.4,0.203381,12.202,0:13:00-0:14:00
21,10uM,15,0.4,0.21511,12.3388,0:14:00-0:15:00
22,10uM,1,15.5,0.156343,2.29745,0:00:00-0:01:00
22,10uM,2,15.5,0.193805,11.6275,0:01:00-0:02:00
22,10uM,3,15.5,0.215125,12.9065,0:02:00-0:03:00
22,10uM,4,15.5,0.105296,5.08657,0:03:00-0:04:00
22,10uM,5,15.5,0.150349,9.02025,0:04:00-0:05:00
22,10uM,6,15.5,0.20207,11.1813,0:05:00-0:06:00
22,10uM,7,15.5,0.165247,5.93395,0:06:00-0:07:00
22,10uM,8,15.5,0.194664,9.6207,0:07:00-0:08:00
22,10uM,9,15.5,0.190022,11.2143,0:08:00-0:09:00
22,10uM,10,15.5,0.194613,10.2887,0:09:00-0:10:00
22,10uM,11,15.5,0.178018,5.61077,0:10:00-0:11:00
22,10uM,12,15.5,0.192898,11.573,0:11:00-0:12:00
22,10uM,13,15.5,0.173169,9.42413,0:12:00-0:13:00
22,10uM,14,15.5,0.162323,9.45901,0:13:00-0:14:00
22,10uM,15,15.5,0.163676,9.25034,0:14:00-0:15:00
23,10uM,1,7.7,0.163249,9.78942,0:00:00-0:01:00
23,10uM,2,7.7,0.0868697,5.21218,0:01:00-0:02:00
23,10uM,3,7.7,0.0759281,4.55569,0:02:00-0:03:00
23,10uM,4,7.7,0.124081,7.44485,0:03:00-0:04:00
23,10uM,5,7.7,0.157874,9.47247,0:04:00-0:05:00
23,10uM,6,7.7,0.135964,8.15785,0:05:00-0:06:00
23,10uM,7,7.7,0.0991388,5.94833,0:06:00-0:07:00
23,10uM,8,7.7,0.130555,7.83328,0:07:00-0:08:00
23,10uM,9,7.7,0.129166,7.74999,0:08:00-0:09:00
23,10uM,10,7.7,0.113664,6.81981,0:09:00-0:10:00
23,10uM,11,7.7,0.141861,8.51164,0:10:00-0:11:00
23,10uM,12,7.7,0.207888,12.4733,0:11:00-0:12:00
23,10uM,13,7.7,0.13459,8.07542,0:12:00-0:13:00
23,10uM,14,7.7,0.123507,7.41042,0:13:00-0:14:00
23,10uM,15,7.7,0.157643,9.1337,0:14:00-0:15:00
24,10uM,1,18.8,0.141004,8.4596,0:00:00-0:01:00
24,10uM,2,18.8,0.188701,11.3212,0:01:00-0:02:00
24,10uM,3,18.8,0.164152,9.8484,0:02:00-0:03:00
24,10uM,4,18.8,0.189078,11.3439,0:03:00-0:04:00
24,10uM,5,18.8,0.128145,7.68813,0:04:00-0:05:00
24,10uM,6,18.8,0.16745,10.0462,0:05:00-0:06:00
24,10uM,7,18.8,0.140464,8.42723,0:06:00-0:07:00
24,10uM,8,18.8,0.186105,11.1717,0:07:00-0:08:00
24,10uM,9,18.8,0.18034,10.8196,0:08:00-0:09:00
24,10uM,10,18.8,0.145177,8.70996,0:09:00-0:10:00
24,10uM,11,18.8,0.166736,10.0034,0:10:00-0:11:00
24,10uM,12,18.8,0.203873,12.2315,0:11:00-0:12:00
24,10uM,13,18.8,0.169238,10.1535,0:12:00-0:13:00
24,10uM,14,18.8,0.213782,12.826,0:13:00-0:14:00
24,10uM,15,18.8,0.160392,5.77586,0:14:00-0:15:00
25,10uM,1,12.4,0.160655,9.63859,0:00:00-0:01:00
25,10uM,2,12.4,0.179123,10.7466,0:01:00-0:02:00
25,10uM,3,12.4,0.173356,10.4006,0:02:00-0:03:00
25,10uM,4,12.4,0.170526,10.2308,0:03:00-0:04:00
25,10uM,5,12.4,0.16112,9.66651,0:04:00-0:05:00
25,10uM,6,12.4,0.168435,10.1053,0:05:00-0:06:00
25,10uM,7,12.4,0.197164,11.8289,0:06:00-0:07:00
25,10uM,8,12.4,0.186823,11.2148,0:07:00-0:08:00
25,10uM,9,12.4,0.196426,11.7847,0:08:00-0:09:00
25,10uM,10,12.4,0.165082,9.9042,0:09:00-0:10:00
25,10uM,11,12.4,0.200392,12.0227,0:10:00-0:11:00
25,10uM,12,12.4,0.155391,9.32275,0:11:00-0:12:00
25,10uM,13,12.4,0.200497,12.029,0:12:00-0:13:00
25,10uM,14,12.4,0.190718,11.4423,0:13:00-0:14:00
25,10uM,15,12.4,0.196744,11.3984,0:14:00-0:15:00
26,10uM,1,1.1,0.125833,7.54944,0:00:00-0:01:00
26,10uM,2,1.1,0.0891396,5.34798,0:01:00-0:02:00
26,10uM,3,1.1,0.117744,7.06414,0:02:00-0:03:00
26,10uM,4,1.1,0.110737,6.64372,0:03:00-0:04:00
26,10uM,5,1.1,0.0531239,3.1872,0:04:00-0:05:00
26,10uM,6,1.1,0.12262,7.35668,0:05:00-0:06:00
26,10uM,7,1.1,0.0918186,5.50871,0:06:00-0:07:00
26,10uM,8,1.1,0.0935438,5.61538,0:07:00-0:08:00
26,10uM,9,1.1,0.0295708,1.77412,0:08:00-0:09:00
26,10uM,10,1.1,0.0256678,1.53995,0:09:00-0:10:00
26,10uM,11,1.1,0.0352322,2.11378,0:10:00-0:11:00
26,10uM,12,1.1,0.0296814,1.78075,0:11:00-0:12:00
26,10uM,13,1.1,0.0228737,1.37232,0:12:00-0:13:00
26,10uM,14,1.1,0.0194935,1.16952,0:13:00-0:14:00
26,10uM,15,1.1,0.0197394,1.1436,0:14:00-0:15:00
27,10uM,1,5.2,0.0712449,4.27438,0:00:00-0:01:00
27,10uM,2,5.2,0.0918982,5.51348,0:01:00-0:02:00
27,10uM,3,5.2,0.0635954,3.81544,0:02:00-0:03:00
27,10uM,4,5.2,0.0496053,2.9761,0:03:00-0:04:00
27,10uM,5,5.2,0.0692062,4.15207,0:04:00-0:05:00
27,10uM,6,5.2,0.0622629,3.7355,0:05:00-0:06:00
27,10uM,7,5.2,0.0685012,4.10977,0:06:00-0:07:00
27,10uM,8,5.2,0.0315358,1.89308,0:07:00-0:08:00
27,10uM,9,5.2,0.0273619,1.64159,0:08:00-0:09:00
27,10uM,10,5.2,0.0279189,1.67501,0:09:00-0:10:00
27,10uM,11,5.2,0.0167675,1.00598,0:10:00-0:11:00
27,10uM,12,5.2,0.0232222,1.39323,0:11:00-0:12:00
27,10uM,13,5.2,0.0275876,1.65513,0:12:00-0:13:00
27,10uM,14,5.2,0.0301956,1.8116,0:13:00-0:14:00
27,10uM,15,5.2,0.0306547,1.77598,0:14:00-0:15:00
28,10uM,1,0,0.071207,4.27227,0:00:00-0:01:00
28,10uM,2,0,0.0801095,4.8064,0:01:00-0:02:00
28,10uM,3,0,0.0108569,0.65139,0:02:00-0:03:00
28,10uM,4,0,0.00520285,0.31216,0:03:00-0:04:00
28,10uM,5,0,0.00464572,0.278734,0:04:00-0:05:00
28,10uM,6,0,0.00840557,0.504317,0:05:00-0:06:00
28,10uM,7,0,0.00624137,0.37447,0:06:00-0:07:00
28,10uM,8,0,0.0051491,0.308936,0:07:00-0:08:00
28,10uM,9,0,0.004777,0.28661,0:08:00-0:09:00
28,10uM,10,0,0.00684498,0.410685,0:09:00-0:10:00
28,10uM,11,0,0.00623068,0.373828,0:10:00-0:11:00
28,10uM,12,0,0.00487562,0.292527,0:11:00-0:12:00
28,10uM,13,0,0.00573885,0.344319,0:12:00-0:13:00
28,10uM,14,0,0.00331017,0.198603,0:13:00-0:14:00
28,10uM,15,0,0.014253,0.825788,0:14:00-0:15:00
29,10uM,1,0,0.20691,12.4137,0:00:00-0:01:00
29,10uM,2,0,0.222831,13.3689,0:01:00-0:02:00
29,10uM,3,0,0.172675,10.3598,0:02:00-0:03:00
29,10uM,4,0,0.0416236,2.49723,0:03:00-0:04:00
29,10uM,5,0,0.0185342,1.11197,0:04:00-0:05:00
29,10uM,6,0,0.0200631,1.2037,0:05:00-0:06:00
29,10uM,7,0,0.0208905,1.25334,0:06:00-0:07:00
29,10uM,8,0,0.0202758,1.21714,0:07:00-0:08:00
29,10uM,9,0,0.0180189,1.08106,0:08:00-0:09:00
29,10uM,10,0,0.0188793,1.13267,0:09:00-0:10:00
29,10uM,11,0,0.0194298,1.1657,0:10:00-0:11:00
29,10uM,12,0,0.0199449,1.19661,0:11:00-0:12:00
29,10uM,13,0,0.020595,1.23561,0:12:00-0:13:00
29,10uM,14,0,0.0201774,1.21055,0:13:00-0:14:00
29,10uM,15,0,0.0187054,1.0837,0:14:00-0:15:00
30,10uM,1,33.9,0.144384,8.66243,0:00:00-0:01:00
30,10uM,2,33.9,0.228005,13.6793,0:01:00-0:02:00
30,10uM,3,33.9,0.135893,8.15296,0:02:00-0:03:00
30,10uM,4,33.9,0.132003,7.91961,0:03:00-0:04:00
30,10uM,5,33.9,0.168092,10.0848,0:04:00-0:05:00
30,10uM,6,33.9,0.0999282,5.99525,0:05:00-0:06:00
30,10uM,7,33.9,0.14936,8.96093,0:06:00-0:07:00
30,10uM,8,33.9,0.12082,7.25277,0:07:00-0:08:00
30,10uM,9,33.9,0.151341,9.07978,0:08:00-0:09:00
30,10uM,10,33.9,0.117744,7.0641,0:09:00-0:10:00
30,10uM,11,33.9,0.0572679,3.43582,0:10:00-0:11:00
30,10uM,12,33.9,0.145884,8.75242,0:11:00-0:12:00
30,10uM,13,33.9,0.141066,5.12281,0:12:00-0:13:00
30,10uM,14,33.9,-,-,0:13:00-0:14:00
30,10uM,15,33.9,-,-,0:14:00-0:15:00
31,20uM,1,17.7,0.175963,10.557,0:00:00-0:01:00
31,20uM,2,17.7,0.198183,10.0825,0:01:00-0:02:00
31,20uM,3,17.7,0.166011,8.14291,0:02:00-0:03:00
31,20uM,4,17.7,0.138129,8.28711,0:03:00-0:04:00
31,20uM,5,17.7,0.196275,10.423,0:04:00-0:05:00
31,20uM,6,17.7,0.218331,9.51441,0:05:00-0:06:00
31,20uM,7,17.7,0.178843,10.7298,0:06:00-0:07:00
31,20uM,8,17.7,0.151541,3.93159,0:07:00-0:08:00
31,20uM,9,17.7,0.184898,10.5309,0:08:00-0:09:00
31,20uM,10,17.7,0.137956,4.89336,0:09:00-0:10:00
31,20uM,11,17.7,0.190504,10.0779,0:10:00-0:11:00
31,20uM,12,17.7,0.182609,5.92202,0:11:00-0:12:00
31,20uM,13,17.7,0.171511,9.80322,0:12:00-0:13:00
31,20uM,14,17.7,0.180723,8.64478,0:13:00-0:14:00
31,20uM,15,17.7,0.166414,8.02775,0:14:00-0:15:00
32,20uM,1,5.7,0.120389,7.22282,0:00:00-0:01:00
32,20uM,2,5.7,0.16954,10.1716,0:01:00-0:02:00
32,20uM,3,5.7,0.230529,13.8307,0:02:00-0:03:00
32,20uM,4,5.7,0.146184,8.77042,0:03:00-0:04:00
32,20uM,5,5.7,0.170865,7.7461,0:04:00-0:05:00
32,20uM,6,5.7,0.216583,12.994,0:05:00-0:06:00
32,20uM,7,5.7,0.178778,7.58541,0:06:00-0:07:00
32,20uM,8,5.7,0.153753,9.22972,0:07:00-0:08:00
32,20uM,9,5.7,0.198813,11.9279,0:08:00-0:09:00
32,20uM,10,5.7,0.239642,14.3613,0:09:00-0:10:00
32,20uM,11,5.7,0.179298,8.04358,0:10:00-0:11:00
32,20uM,12,5.7,0.226436,13.5852,0:11:00-0:12:00
32,20uM,13,5.7,0.149378,8.26562,0:12:00-0:13:00
32,20uM,14,5.7,0.144987,8.69856,0:13:00-0:14:00
32,20uM,15,5.7,0.172076,9.96342,0:14:00-0:15:00
33,20uM,1,51.3,0.184333,11.0537,0:00:00-0:01:00
33,20uM,2,51.3,0.108823,6.52939,0:01:00-0:02:00
33,20uM,3,51.3,0.145057,8.70342,0:02:00-0:03:00
33,20uM,4,51.3,0.0489066,2.9344,0:03:00-0:04:00
33,20uM,5,51.3,0.0135657,0.813941,0:04:00-0:05:00
33,20uM,6,51.3,0.0135657,0.813941,0:05:00-0:06:00
33,20uM,7,51.3,0.0135657,0.813941,0:06:00-0:07:00
33,20uM,8,51.3,0.0135657,0.813941,0:07:00-0:08:00
33,20uM,9,51.3,0.0135657,0.813941,0:08:00-0:09:00
33,20uM,10,51.3,0.0135657,0.813941,0:09:00-0:10:00
33,20uM,11,51.3,0.207635,12.4581,0:10:00-0:11:00
33,20uM,12,51.3,0.0601916,3.6115,0:11:00-0:12:00
33,20uM,13,51.3,0.0319726,1.91836,0:12:00-0:13:00
33,20uM,14,51.3,0.025072,1.50432,0:13:00-0:14:00
33,20uM,15,51.3,0.0256241,1.48464,0:14:00-0:15:00
34,20uM,1,6.1,0.16822,10.0925,0:00:00-0:01:00
34,20uM,2,6.1,0.201997,12.1189,0:01:00-0:02:00
34,20uM,3,6.1,0.198653,11.9183,0:02:00-0:03:00
34,20uM,4,6.1,0.210394,12.6227,0:03:00-0:04:00
34,20uM,5,6.1,0.213757,12.8245,0:04:00-0:05:00
34,20uM,6,6.1,0.174733,10.4832,0:05:00-0:06:00
34,20uM,7,6.1,0.203736,12.2233,0:06:00-0:07:00
34,20uM,8,6.1,0.177951,10.6823,0:07:00-0:08:00
34,20uM,9,6.1,0.131188,7.8707,0:08:00-0:09:00
34,20uM,10,6.1,0.119266,7.15545,0:09:00-0:10:00
34,20uM,11,6.1,0.159481,9.56818,0:10:00-0:11:00
34,20uM,12,6.1,0.118205,7.0918,0:11:00-0:12:00
34,20uM,13,6.1,0.149062,8.94309,0:12:00-0:13:00
34,20uM,14,6.1,0.0946275,5.67724,0:13:00-0:14:00
34,20uM,15,6.1,0.124688,7.17324,0:14:00-0:15:00
35,20uM,1,0,0.16806,10.0829,0:00:00-0:01:00
35,20uM,2,0,0.185822,11.1485,0:01:00-0:02:00
35,20uM,3,0,0.165737,9.94348,0:02:00-0:03:00
35,20uM,4,0,0.183343,10.9998,0:03:00-0:04:00
35,20uM,5,0,0.146805,8.80766,0:04:00-0:05:00
35,20uM,6,0,0.0544711,3.26803,0:05:00-0:06:00
35,20uM,7,0,0.0723187,4.3388,0:06:00-0:07:00
35,20uM,8,0,0.0614873,3.69104,0:07:00-0:08:00
35,20uM,9,0,0.0509753,3.05829,0:08:00-0:09:00
35,20uM,10,0,0.0576585,3.45925,0:09:00-0:10:00
35,20uM,11,0,0.0572614,3.43543,0:10:00-0:11:00
35,20uM,12,0,0.0479085,2.8743,0:11:00-0:12:00
35,20uM,13,0,0.0548695,3.29193,0:12:00-0:13:00
35,20uM,14,0,0.0574308,3.44559,0:13:00-0:14:00
35,20uM,15,0,0.0440341,2.55111,0:14:00-0:15:00
36,20uM,1,11.1,0.140655,8.43868,0:00:00-0:01:00
36,20uM,2,11.1,0.118946,7.13622,0:01:00-0:02:00
36,20uM,3,11.1,0.103234,6.1936,0:02:00-0:03:00
36,20uM,4,11.1,0.118934,7.13552,0:03:00-0:04:00
36,20uM,5,11.1,0.0848855,5.09276,0:04:00-0:05:00
36,20uM,6,11.1,0.058924,3.53518,0:05:00-0:06:00
36,20uM,7,11.1,0.0446418,2.67831,0:06:00-0:07:00
36,20uM,8,11.1,0.0187831,1.12754,0:07:00-0:08:00
36,20uM,9,11.1,0.0172728,1.03629,0:08:00-0:09:00
36,20uM,10,11.1,0.0161853,0.971045,0:09:00-0:10:00
36,20uM,11,11.1,0.0251479,1.50876,0:10:00-0:11:00
36,20uM,12,11.1,0.0511147,3.06666,0:11:00-0:12:00
36,20uM,13,11.1,0.0521698,3.12996,0:12:00-0:13:00
36,20uM,14,11.1,0.0565626,3.39351,0:13:00-0:14:00
36,20uM,15,11.1,0.0418362,2.42377,0:14:00-0:15:00
37,20uM,1,2.7,0.177689,10.6605,0:00:00-0:01:00
37,20uM,2,2.7,0.100309,6.01807,0:01:00-0:02:00
37,20uM,3,2.7,0.0973059,5.83793,0:02:00-0:03:00
37,20uM,4,2.7,0.110111,6.60616,0:03:00-0:04:00
37,20uM,5,2.7,0.141777,8.50601,0:04:00-0:05:00
37,20uM,6,2.7,0.0907539,5.44483,0:05:00-0:06:00
37,20uM,7,2.7,0.0918363,5.50977,0:06:00-0:07:00
37,20uM,8,2.7,0.125775,7.55018,0:07:00-0:08:00
37,20uM,9,2.7,0.060013,3.60051,0:08:00-0:09:00
37,20uM,10,2.7,0.082792,4.96715,0:09:00-0:10:00
37,20uM,11,2.7,0.0784471,4.70648,0:10:00-0:11:00
37,20uM,12,2.7,0.0729998,4.37967,0:11:00-0:12:00
37,20uM,13,2.7,0.0622354,3.73385,0:12:00-0:13:00
37,20uM,14,2.7,0.0619205,3.71495,0:13:00-0:14:00
37,20uM,15,2.7,0.0734874,4.25749,0:14:00-0:15:00
38,20uM,1,0,0.0180152,1.08088,0:00:00-0:01:00
38,20uM,2,0,0.0112701,0.676185,0:01:00-0:02:00
38,20uM,3,0,0.0131212,0.787247,0:02:00-0:03:00
38,20uM,4,0,0.00762392,0.457419,0:03:00-0:04:00
38,20uM,5,0,0.00851072,0.510626,0:04:00-0:05:00
38,20uM,6,0,0.00781077,0.46863,0:05:00-0:06:00
38,20uM,7,0,0.00843103,0.505845,0:06:00-0:07:00
38,20uM,8,0,0.0111627,0.669738,0:07:00-0:08:00
38,20uM,9,0,0.0203935,1.22357,0:08:00-0:09:00
38,20uM,10,0,0.018152,1.08908,0:09:00-0:10:00
38,20uM,11,0,0.0183673,1.102,0:10:00-0:11:00
38,20uM,12,0,0.0189015,1.13405,0:11:00-0:12:00
38,20uM,13,0,0.020912,1.25468,0:12:00-0:13:00
38,20uM,14,0,0.0116264,0.697558,0:13:00-0:14:00
38,20uM,15,0,0.0337814,1.95721,0:14:00-0:15:00
39,20uM,1,3,0.152762,9.16506,0:00:00-0:01:00
39,20uM,2,3,0.119552,7.17257,0:01:00-0:02:00
39,20uM,3,3,0.107749,6.46446,0:02:00-0:03:00
39,20uM,4,3,0.180916,10.8542,0:03:00-0:04:00
39,20uM,5,3,0.092029,5.52134,0:04:00-0:05:00
39,20uM,6,3,0.113294,6.79712,0:05:00-0:06:00
39,20uM,7,3,0.116413,6.98428,0:06:00-0:07:00
39,20uM,8,3,0.127439,7.6501,0:07:00-0:08:00
39,20uM,9,3,0.163451,9.80635,0:08:00-0:09:00
39,20uM,10,3,0.206738,12.4034,0:09:00-0:10:00
39,20uM,11,3,0.0956561,5.73894,0:10:00-0:11:00
39,20uM,12,3,0.128443,7.70604,0:11:00-0:12:00
39,20uM,13,3,0.0894412,5.36608,0:12:00-0:13:00
39,20uM,14,3,0.0968602,5.81118,0:13:00-0:14:00
39,20uM,15,3,0.0917268,5.31418,0:14:00-0:15:00
40,20uM,1,0,0.116289,6.97682,0:00:00-0:01:00
40,20uM,2,0,0.0163491,0.980874,0:01:00-0:02:00
40,20uM,3,0,0.0171078,1.02639,0:02:00-0:03:00
40,20uM,4,0,0.0201714,1.21019,0:03:00-0:04:00
40,20uM,5,0,0.0192399,1.15431,0:04:00-0:05:00
40,20uM,6,0,0.0220414,1.32239,0:05:00-0:06:00
40,20uM,7,0,0.0267975,1.60773,0:06:00-0:07:00
40,20uM,8,0,0.0234177,1.40575,0:07:00-0:08:00
40,20uM,9,0,0.0211123,1.26664,0:08:00-0:09:00
40,20uM,10,0,0.0203507,1.22095,0:09:00-0:10:00
40,20uM,11,0,0.0212563,1.27528,0:10:00-0:11:00
40,20uM,12,0,0.0217945,1.30757,0:11:00-0:12:00
40,20uM,13,0,0.0200522,1.20304,0:12:00-0:13:00
40,20uM,14,0,0.0221708,1.33015,0:13:00-0:14:00
40,20uM,15,0,0.0299674,1.73616,0:14:00-0:15:00
51,100uM,1,,0.0717373,4.30392,0:00:00-0:01:00
51,100uM,2,,0.0641836,3.85073,0:01:00-0:02:00
51,100uM,3,,0.0188913,1.13339,0:02:00-0:03:00
51,100uM,4,,0.0147938,0.88756,0:03:00-0:04:00
51,100uM,5,,0.013843,0.830518,0:04:00-0:05:00
51,100uM,6,,0.0130674,0.783985,0:05:00-0:06:00
51,100uM,7,,0.0148678,0.892003,0:06:00-0:07:00
51,100uM,8,,0.0140467,0.843215,0:07:00-0:08:00
51,100uM,9,,0.0176533,1.05912,0:08:00-0:09:00
51,100uM,10,,0.014926,0.895493,0:09:00-0:10:00
51,100uM,11,,0.0152082,0.912425,0:10:00-0:11:00
51,100uM,12,,0.0178121,1.06865,0:11:00-0:12:00
51,100uM,13,,0.0227345,1.36397,0:12:00-0:13:00
51,100uM,14,,0.0153958,0.923682,0:13:00-0:14:00
51,100uM,15,,0.0177255,1.06345,0:14:00-0:15:00
52,100uM,1,,0.153454,9.20658,0:00:00-0:01:00
52,100uM,2,,0.107509,6.45009,0:01:00-0:02:00
52,100uM,3,,0.0445714,2.67409,0:02:00-0:03:00
52,100uM,4,,0.0191033,1.14611,0:03:00-0:04:00
52,100uM,5,,0.0111409,0.668402,0:04:00-0:05:00
52,100uM,6,,0.0155561,0.933294,0:05:00-0:06:00
52,100uM,7,,0.0121355,0.728077,0:06:00-0:07:00
52,100uM,8,,0.0144276,0.866077,0:07:00-0:08:00
52,100uM,9,,0.0111874,0.671192,0:08:00-0:09:00
52,100uM,10,,0.0135999,0.815934,0:09:00-0:10:00
52,100uM,11,,0.00990227,0.594093,0:10:00-0:11:00
52,100uM,12,,0.00436042,0.261606,0:11:00-0:12:00
52,100uM,13,,0.0046533,0.279177,0:12:00-0:13:00
52,100uM,14,,0.00430478,0.258268,0:13:00-0:14:00
52,100uM,15,,0.00451333,0.27078,0:14:00-0:15:00
53,100uM,1,,0.0483325,2.89974,0:00:00-0:01:00
53,100uM,2,,0.0901815,5.41049,0:01:00-0:02:00
53,100uM,3,,0.102768,6.1656,0:02:00-0:03:00
53,100uM,4,,0.0793626,4.7614,0:03:00-0:04:00
53,100uM,5,,0.0718736,4.3121,0:04:00-0:05:00
53,100uM,6,,0.106735,6.4036,0:05:00-0:06:00
53,100uM,7,,0.101673,6.09993,0:06:00-0:07:00
53,100uM,8,,0.0825101,4.95303,0:07:00-0:08:00
53,100uM,9,,0.0594268,3.56535,0:08:00-0:09:00
53,100uM,10,,0.0782755,4.69618,0:09:00-0:10:00
53,100uM,11,,0.0674432,4.04629,0:10:00-0:11:00
53,100uM,12,,0.0444057,2.66415,0:11:00-0:12:00
53,100uM,13,,0.0176994,1.06189,0:12:00-0:13:00
53,100uM,14,,0.0701492,4.20864,0:13:00-0:14:00
53,100uM,15,,0.0589817,3.53864,0:14:00-0:15:00
54,100uM,1,,0.0795395,4.77202,0:00:00-0:01:00
54,100uM,2,,0.187224,11.2326,0:01:00-0:02:00
54,100uM,3,,0.0628737,3.77214,0:02:00-0:03:00
54,100uM,4,,0.0718326,4.30964,0:03:00-0:04:00
54,100uM,5,,0.0924807,5.54843,0:04:00-0:05:00
54,100uM,6,,0.0860755,5.16415,0:05:00-0:06:00
54,100uM,7,,0.0866738,5.20005,0:06:00-0:07:00
54,100uM,8,,0.106615,6.40003,0:07:00-0:08:00
54,100uM,9,,0.0710318,4.2616,0:08:00-0:09:00
54,100uM,10,,0.0469442,2.81644,0:09:00-0:10:00
54,100uM,11,,0.0322536,1.93507,0:10:00-0:11:00
54,100uM,12,,0.0152995,0.917902,0:11:00-0:12:00
54,100uM,13,,0.00994465,0.596635,0:12:00-0:13:00
54,100uM,14,,0.0157076,0.942387,0:13:00-0:14:00
54,100uM,15,,0.020532,1.23183,0:14:00-0:15:00
55,100uM,1,,0.113522,6.81082,0:00:00-0:01:00
55,100uM,2,,0.12761,7.65603,0:01:00-0:02:00
55,100uM,3,,0.0475172,2.85082,0:02:00-0:03:00
55,100uM,4,,0.0758771,4.55229,0:03:00-0:04:00
55,100uM,5,,0.107046,6.42229,0:04:00-0:05:00
55,100uM,6,,0.0735537,4.4129,0:05:00-0:06:00
55,100uM,7,,0.0711255,4.26722,0:06:00-0:07:00
55,100uM,8,,0.0731468,4.39095,0:07:00-0:08:00
55,100uM,9,,0.0759216,4.55496,0:08:00-0:09:00
55,100uM,10,,0.0832722,4.99596,0:09:00-0:10:00
55,100uM,11,,0.0979983,5.87946,0:10:00-0:11:00
55,100uM,12,,0.0828554,4.97096,0:11:00-0:12:00
55,100uM,13,,0.0554187,3.32488,0:12:00-0:13:00
55,100uM,14,,0.0744812,4.46854,0:13:00-0:14:00
55,100uM,15,,0.0821037,4.92586,0:14:00-0:15:00
56,100uM,1,,-,-,0:00:00-0:01:00
56,100uM,2,,-,-,0:01:00-0:02:00
56,100uM,3,,-,-,0:02:00-0:03:00
56,100uM,4,,-,-,0:03:00-0:04:00
56,100uM,5,,-,-,0:04:00-0:05:00
56,100uM,6,,-,-,0:05:00-0:06:00
56,100uM,7,,-,-,0:06:00-0:07:00
56,100uM,8,,-,-,0:07:00-0:08:00
56,100uM,9,,-,-,0:08:00-0:09:00
56,100uM,10,,-,-,0:09:00-0:10:00
56,100uM,11,,-,-,0:10:00-0:11:00
56,100uM,12,,-,-,0:11:00-0:12:00
56,100uM,13,,-,-,0:12:00-0:13:00
56,100uM,14,,-,-,0:13:00-0:14:00
56,100uM,15,,-,-,0:14:00-0:15:00
57,100uM,1,,0.147307,8.8378,0:00:00-0:01:00
57,100uM,2,,0.0694947,4.16938,0:01:00-0:02:00
57,100uM,3,,0.00301158,0.180681,0:02:00-0:03:00
57,100uM,4,,0.00301158,0.180681,0:03:00-0:04:00
57,100uM,5,,0.00301158,0.157791,0:04:00-0:05:00
57,100uM,6,,-,-,0:05:00-0:06:00
57,100uM,7,,-,-,0:06:00-0:07:00
57,100uM,8,,-,-,0:07:00-0:08:00
57,100uM,9,,-,-,0:08:00-0:09:00
57,100uM,10,,-,-,0:09:00-0:10:00
57,100uM,11,,-,-,0:10:00-0:11:00
57,100uM,12,,-,-,0:11:00-0:12:00
57,100uM,13,,-,-,0:12:00-0:13:00
57,100uM,14,,-,-,0:13:00-0:14:00
57,100uM,15,,-,-,0:14:00-0:15:00
58,100uM,1,,0.0321153,1.92678,0:00:00-0:01:00
58,100uM,2,,0.0255639,1.53372,0:01:00-0:02:00
58,100uM,3,,0.0157859,0.947086,0:02:00-0:03:00
58,100uM,4,,0.0163659,0.981882,0:03:00-0:04:00
58,100uM,5,,0.0168091,1.00847,0:04:00-0:05:00
58,100uM,6,,0.0116879,0.701222,0:05:00-0:06:00
58,100uM,7,,0.0117972,0.707782,0:06:00-0:07:00
58,100uM,8,,0.0161086,0.966988,0:07:00-0:08:00
58,100uM,9,,0.0100758,0.604505,0:08:00-0:09:00
58,100uM,10,,0.0130635,0.783751,0:09:00-0:10:00
58,100uM,11,,0.0126672,0.759978,0:10:00-0:11:00
58,100uM,12,,0.0152202,0.913148,0:11:00-0:12:00
58,100uM,13,,0.0142306,0.853775,0:12:00-0:13:00
58,100uM,14,,0.0137472,0.82477,0:13:00-0:14:00
58,100uM,15,,0.0228856,1.3282,0:14:00-0:15:00
59,100uM,1,,0.151666,9.09927,0:00:00-0:01:00
59,100uM,2,,0.104189,6.25089,0:01:00-0:02:00
59,100uM,3,,0.0903095,5.41817,0:02:00-0:03:00
59,100uM,4,,0.0793849,4.76274,0:03:00-0:04:00
59,100uM,5,,0.052585,3.15487,0:04:00-0:05:00
59,100uM,6,,0.0510181,3.06086,0:05:00-0:06:00
59,100uM,7,,0.0546496,3.27873,0:06:00-0:07:00
59,100uM,8,,0.0643843,3.86495,0:07:00-0:08:00
59,100uM,9,,0.0401711,2.41009,0:08:00-0:09:00
59,100uM,10,,0.0343889,2.06318,0:09:00-0:10:00
59,100uM,11,,0.0444019,2.66392,0:10:00-0:11:00
59,100uM,12,,0.0235495,1.41286,0:11:00-0:12:00
59,100uM,13,,0.0157813,0.946806,0:12:00-0:13:00
59,100uM,14,,0.0156567,0.93933,0:13:00-0:14:00
59,100uM,15,,0.0127169,0.738041,0:14:00-0:15:00
60,100uM,1,,0.0780594,4.68322,0:00:00-0:01:00
60,100uM,2,,0.0577489,3.46468,0:01:00-0:02:00
60,100uM,3,,0.0442719,2.65612,0:02:00-0:03:00
60,100uM,4,,0.0128142,0.768793,0:03:00-0:04:00
60,100uM,5,,0.0040636,0.243798,0:04:00-0:05:00
60,100uM,6,,0.00661083,0.39662,0:05:00-0:06:00
60,100uM,7,,0.00715214,0.429097,0:06:00-0:07:00
60,100uM,8,,0.00373659,0.224305,0:07:00-0:08:00
60,100uM,9,,0.00736537,0.441889,0:08:00-0:09:00
60,100uM,10,,0.00464653,0.278771,0:09:00-0:10:00
60,100uM,11,,0.00343341,0.205989,0:10:00-0:11:00
60,100uM,12,,0.0039189,0.235116,0:11:00-0:12:00
60,100uM,13,,0.00593655,0.356166,0:12:00-0:13:00
60,100uM,14,,0.00632407,0.379416,0:13:00-0:14:00
60,100uM,15,,0.0130786,0.759031,0:14:00-0:15:00
,,,,,,
,,,,,,
,,,,,,
,,,,,,
,,,,,,
41,control,1,7.7,0.143618,8.03425,0:00:00-0:01:00
41,control,2,7.7,0.224899,11.3505,0:01:00-0:02:00
41,control,3,7.7,0.229,11.1397,0:02:00-0:03:00
41,control,4,7.7,0.19398,9.86867,0:03:00-0:04:00
41,control,5,7.7,0.217758,9.53355,0:04:00-0:05:00
41,control,6,7.7,0.192946,11.4977,0:05:00-0:06:00
41,control,7,7.7,0.22377,13.017,0:06:00-0:07:00
41,control,8,7.7,0.182993,10.9787,0:07:00-0:08:00
41,control,9,7.7,0.179747,10.784,0:08:00-0:09:00
41,control,10,7.7,0.190384,11.4222,0:09:00-0:10:00
41,control,11,7.7,0.227722,13.6623,0:10:00-0:11:00
41,control,12,7.7,0.179801,10.7872,0:11:00-0:12:00
41,control,13,7.7,0.192018,11.5202,0:12:00-0:13:00
41,control,14,7.7,0.218154,13.0883,0:13:00-0:14:00
41,control,15,7.7,0.196126,7.75171,0:14:00-0:15:00
42,control,1,20.4,0.220298,10.709,0:00:00-0:01:00
42,control,2,20.4,0.274853,13.7695,0:01:00-0:02:00
42,control,3,20.4,0.260352,13.6851,0:02:00-0:03:00
42,control,4,20.4,0.250666,11.5247,0:03:00-0:04:00
42,control,5,20.4,0.23418,10.7272,0:04:00-0:05:00
42,control,6,20.4,0.216354,8.55122,0:05:00-0:06:00
42,control,7,20.4,0.24625,12.6859,0:06:00-0:07:00
42,control,8,20.4,0.224199,8.33868,0:07:00-0:08:00
42,control,9,20.4,0.271779,10.7969,0:08:00-0:09:00
42,control,10,20.4,0.206543,10.1171,0:09:00-0:10:00
42,control,11,20.4,0.238646,12.1491,0:10:00-0:11:00
42,control,12,20.4,0.237501,12.5241,0:11:00-0:12:00
42,control,13,20.4,0.20482,10.2749,0:12:00-0:13:00
42,control,14,20.4,0.195609,8.50442,0:13:00-0:14:00
42,control,15,20.4,0.22136,11.7776,0:14:00-0:15:00
43,control,1,2.8,0.185521,11.125,0:00:00-0:01:00
43,control,2,2.8,0.171648,10.2989,0:01:00-0:02:00
43,control,3,2.8,0.148511,8.91065,0:02:00-0:03:00
43,control,4,2.8,0.156158,9.36947,0:03:00-0:04:00
43,control,5,2.8,0.163488,9.80929,0:04:00-0:05:00
43,control,6,2.8,0.143752,8.62512,0:05:00-0:06:00
43,control,7,2.8,0.106341,6.38049,0:06:00-0:07:00
43,control,8,2.8,0.114191,6.85146,0:07:00-0:08:00
43,control,9,2.8,0.183179,10.9908,0:08:00-0:09:00
43,control,10,2.8,0.12656,7.59362,0:09:00-0:10:00
43,control,11,2.8,0.100987,6.05922,0:10:00-0:11:00
43,control,12,2.8,0.110299,6.61793,0:11:00-0:12:00
43,control,13,2.8,0.116867,7.01204,0:12:00-0:13:00
43,control,14,2.8,0.134773,8.08641,0:13:00-0:14:00
43,control,15,2.8,0.104569,6.05866,0:14:00-0:15:00
44,control,1,0.2,0.207646,12.4578,0:00:00-0:01:00
44,control,2,0.2,0.221096,13.2648,0:01:00-0:02:00
44,control,3,0.2,0.212099,12.725,0:02:00-0:03:00
44,control,4,0.2,0.199101,11.9452,0:03:00-0:04:00
44,control,5,0.2,0.20928,12.5558,0:04:00-0:05:00
44,control,6,0.2,0.222443,13.3456,0:05:00-0:06:00
44,control,7,0.2,0.246668,14.799,0:06:00-0:07:00
44,control,8,0.2,0.146619,8.80144,0:07:00-0:08:00
44,control,9,0.2,0.137333,8.23937,0:08:00-0:09:00
44,control,10,0.2,0.145778,8.74601,0:09:00-0:10:00
44,control,11,0.2,0.143323,8.59875,0:10:00-0:11:00
44,control,12,0.2,0.160065,9.60316,0:11:00-0:12:00
44,control,13,0.2,0.167845,10.0699,0:12:00-0:13:00
44,control,14,0.2,0.14829,8.89677,0:13:00-0:14:00
44,control,15,0.2,0.156273,8.99034,0:14:00-0:15:00
45,control,1,0,0.0751199,4.50686,0:00:00-0:01:00
45,control,2,0,0.124748,7.48434,0:01:00-0:02:00
45,control,3,0,0.0612726,3.67608,0:02:00-0:03:00
45,control,4,0,0.0466664,2.79978,0:03:00-0:04:00
45,control,5,0,0.0433933,2.60341,0:04:00-0:05:00
45,control,6,0,0.0409932,2.45941,0:05:00-0:06:00
45,control,7,0,0.03225,1.93486,0:06:00-0:07:00
45,control,8,0,0.0283213,1.70011,0:07:00-0:08:00
45,control,9,0,0.0270022,1.62001,0:08:00-0:09:00
45,control,10,0,0.0250848,1.50498,0:09:00-0:10:00
45,control,11,0,0.0266982,1.60178,0:10:00-0:11:00
45,control,12,0,0.0261913,1.57136,0:11:00-0:12:00
45,control,13,0,0.0235229,1.41127,0:12:00-0:13:00
45,control,14,0,0.0206878,1.24118,0:13:00-0:14:00
45,control,15,0,0.0582291,3.37354,0:14:00-0:15:00
46,control,1,1.2,0.0825486,4.95255,0:00:00-0:01:00
46,control,2,1.2,0.0525521,3.15289,0:01:00-0:02:00
46,control,3,1.2,0.0148047,0.888214,0:02:00-0:03:00
46,control,4,1.2,0.00671932,0.403129,0:03:00-0:04:00
46,control,5,1.2,0.0119608,0.717593,0:04:00-0:05:00
46,control,6,1.2,0.0120733,0.724345,0:05:00-0:06:00
46,control,7,1.2,0.00957439,0.574421,0:06:00-0:07:00
46,control,8,1.2,0.0108158,0.649266,0:07:00-0:08:00
46,control,9,1.2,0.00663211,0.397897,0:08:00-0:09:00
46,control,10,1.2,0.00536567,0.321917,0:09:00-0:10:00
46,control,11,1.2,0.00558864,0.335294,0:10:00-0:11:00
46,control,12,1.2,0.00770774,0.46243,0:11:00-0:12:00
46,control,13,1.2,0.00924195,0.554476,0:12:00-0:13:00
46,control,14,1.2,0.00996621,0.597928,0:13:00-0:14:00
46,control,15,1.2,0.00968167,0.560907,0:14:00-0:15:00
47,control,1,6,0.14937,8.96152,0:00:00-0:01:00
47,control,2,6,0.101983,6.11856,0:01:00-0:02:00
47,control,3,6,0.129822,7.78872,0:02:00-0:03:00
47,control,4,6,0.130371,7.82167,0:03:00-0:04:00
47,control,5,6,0.0948654,5.6915,0:04:00-0:05:00
47,control,6,6,0.0898728,5.39197,0:05:00-0:06:00
47,control,7,6,0.0926689,5.55972,0:06:00-0:07:00
47,control,8,6,0.0920113,5.52338,0:07:00-0:08:00
47,control,9,6,0.0777826,4.66661,0:08:00-0:09:00
47,control,10,6,0.0916654,5.49952,0:09:00-0:10:00
47,control,11,6,0.0910579,5.46307,0:10:00-0:11:00
47,control,12,6,0.0297786,1.78658,0:11:00-0:12:00
47,control,13,6,0.00961057,0.576592,0:12:00-0:13:00
47,control,14,6,0.00806095,0.483621,0:13:00-0:14:00
47,control,15,6,0.00805314,0.466558,0:14:00-0:15:00
48,control,1,3.4,0.0903381,5.4201,0:00:00-0:01:00
48,control,2,3.4,0.122481,7.3486,0:01:00-0:02:00
48,control,3,3.4,0.0406954,2.44164,0:02:00-0:03:00
48,control,4,3.4,0.028733,1.72392,0:03:00-0:04:00
48,control,5,3.4,0.0285449,1.71263,0:04:00-0:05:00
48,control,6,3.4,0.0320128,1.9207,0:05:00-0:06:00
48,control,7,3.4,0.0300103,1.80055,0:06:00-0:07:00
48,control,8,3.4,0.0353862,2.1231,0:07:00-0:08:00
48,control,9,3.4,0.0290463,1.74272,0:08:00-0:09:00
48,control,10,3.4,0.0309771,1.85856,0:09:00-0:10:00
48,control,11,3.4,0.0309083,1.85444,0:10:00-0:11:00
48,control,12,3.4,0.0337342,2.02398,0:11:00-0:12:00
48,control,13,3.4,0.0313124,1.87868,0:12:00-0:13:00
48,control,14,3.4,0.0315444,1.8926,0:13:00-0:14:00
48,control,15,3.4,0.0496338,1.48896,0:14:00-0:15:00
49,control,1,0.3,0.229098,13.7449,0:00:00-0:01:00
49,control,2,0.3,0.226633,13.597,0:01:00-0:02:00
49,control,3,0.3,0.0967627,5.80533,0:02:00-0:03:00
49,control,4,0.3,0.0165711,0.994193,0:03:00-0:04:00
49,control,5,0.3,0.011824,0.709385,0:04:00-0:05:00
49,control,6,0.3,0.0172086,1.03244,0:05:00-0:06:00
49,control,7,0.3,0.0226394,1.35827,0:06:00-0:07:00
49,control,8,0.3,0.0239008,1.43475,0:07:00-0:08:00
49,control,9,0.3,0.01612,0.96713,0:08:00-0:09:00
49,control,10,0.3,0.00893868,0.536281,0:09:00-0:10:00
49,control,11,0.3,0.0128389,0.770277,0:10:00-0:11:00
49,control,12,0.3,0.0130762,0.784512,0:11:00-0:12:00
49,control,13,0.3,0.0129643,0.777798,0:12:00-0:13:00
49,control,14,0.3,0.0120172,0.720981,0:13:00-0:14:00
49,control,15,0.3,0.108972,6.31329,0:14:00-0:15:00
50,control,1,28.4,0.171648,10.2981,0:00:00-0:01:00
50,control,2,28.4,0.138122,8.2867,0:01:00-0:02:00
50,control,3,28.4,0.0994889,5.9689,0:02:00-0:03:00
50,control,4,28.4,0.118856,7.13085,0:03:00-0:04:00
50,control,5,28.4,0.101539,6.09187,0:04:00-0:05:00
50,control,6,28.4,0.102273,6.1359,0:05:00-0:06:00
50,control,7,28.4,0.148226,8.8929,0:06:00-0:07:00
50,control,8,28.4,0.136791,8.21148,0:07:00-0:08:00
50,control,9,28.4,0.164586,9.87444,0:08:00-0:09:00
50,control,10,28.4,0.157953,9.4765,0:09:00-0:10:00
50,control,11,28.4,0.1035,6.20954,0:10:00-0:11:00
50,control,12,28.4,0.153304,9.19758,0:11:00-0:12:00
50,control,13,28.4,0.12293,7.37527,0:12:00-0:13:00
50,control,14,28.4,0.116995,7.01921,0:13:00-0:14:00
50,control,15,28.4,0.109547,6.3429,0:14:00-0:15:00
